<?xml version="1.0" encoding="UTF-8"?>
<beans:beans xmlns="http://www.springframework.org/schema/security"
             xmlns:beans="http://www.springframework.org/schema/beans" xmlns:xsi="http://www.w3.org/2001/XMLSchema-instance"
             xsi:schemaLocation="http://www.springframework.org/schema/beans http://www.springframework.org/schema/beans/spring-beans.xsd
						http://www.springframework.org/schema/security http://www.springframework.org/schema/security/spring-security.xsd">

    <http pattern="/login.html" security="none"></http>
    <http pattern="/login_error.html" security="none"></http>
    <http pattern="/css/**" security="none"></http>
    <http pattern="/img/**" security="none"></http>
    <http pattern="/js/**" security="none"></http>
    <http pattern="/*.ico" security="none"></http>

    <!--页面拦截规则-->
    <http>
        <!--所有资源必须有ROLE_ADMIN角色才可以访问-->
        <intercept-url pattern="/**" access="hasRole('ROLE_ADMIN')"></intercept-url>

        <!--当前的工程实现表单登陆-->
        <form-login
                login-page="/login.html"
                default-target-url="/main.html"
                authentication-failure-url="/login.html"
                authentication-success-handler-ref="loginHandler"  />
        <!--退出登陆  /logout post-->
        <logout/>
        <!--关闭csrf验证   跨站请求伪造  token-->
        <csrf disabled="true"></csrf>
        <!--同源策略-->
        <headers>
            <frame-options policy="SAMEORIGIN"></frame-options>
        </headers>
    </http>

    <!--认证管理器-->
    <authentication-manager>
        <authentication-provider user-service-ref="userDetailService">
            <password-encoder ref="bcryptEncoder"></password-encoder>
        </authentication-provider>
    </authentication-manager>

    <beans:bean id="userDetailService" class="com.qingcheng.controller.UserDetailServiceImpl"></beans:bean>
    <beans:bean id="bcryptEncoder" class="org.springframework.security.crypto.bcrypt.BCryptPasswordEncoder"></beans:bean>
    <beans:bean id="loginHandler" class="com.qingcheng.controller.AuthenticationSuccessHandlerImpl"></beans:bean>
</beans:beans>