<?xml version="1.0" encoding="UTF-8"?>
<beans:beans xmlns="http://www.springframework.org/schema/security"
	xmlns:beans="http://www.springframework.org/schema/beans"
             xmlns:context="http://www.springframework.org/schema/context" xmlns:xsi="http://www.w3.org/2001/XMLSchema-instance"
	xsi:schemaLocation="http://www.springframework.org/schema/beans http://www.springframework.org/schema/beans/spring-beans.xsd
	                http://www.springframework.org/schema/context http://www.springframework.org/schema/context/spring-context.xsd
						http://www.springframework.org/schema/security http://www.springframework.org/schema/security/spring-security.xsd">

    <context:property-placeholder location="classpath*:*.properties" />

    <http pattern="/css/**" security="none"></http>
    <http pattern="/js/**" security="none"></http>
    <http pattern="/img/**" security="none"></http>


	<!--   entry-point-ref  入口点引用 -->
	<http use-expressions="false" entry-point-ref="casProcessingFilterEntryPoint">
        <!--IS_AUTHENTICATED_ANONYMOUSLY 代表可以匿名访问-->
        <intercept-url pattern="/login/username.do" access="IS_AUTHENTICATED_ANONYMOUSLY"></intercept-url>
        <intercept-url pattern="/**" access="ROLE_USER"/>   
        <csrf disabled="true"/>  
        <!-- custom-filter为过滤器， position 表示将过滤器放在指定的位置上，before表示放在指定位置之前  ，after表示放在指定的位置之后  -->           
        <custom-filter ref="casAuthenticationFilter" position="CAS_FILTER" />
        <custom-filter ref="requestSingleLogoutFilter" before="LOGOUT_FILTER"/>  
        <custom-filter ref="singleLogoutFilter" before="CAS_FILTER"/>  
    </http>
    
  	<!-- CAS入口点 开始 -->
    <beans:bean id="casProcessingFilterEntryPoint" class="org.springframework.security.cas.web.CasAuthenticationEntryPoint">  
        <!-- 单点登录服务器登录URL -->  
        <beans:property name="loginUrl" value="${cas_url}/login"/>
        <beans:property name="serviceProperties" ref="serviceProperties"/>  
    </beans:bean>      
    <beans:bean id="serviceProperties" class="org.springframework.security.cas.ServiceProperties">  
        <!--service 配置自身工程的根地址+/login/cas   -->  
        <beans:property name="service" value="${service_url}/login/cas"/>
    </beans:bean>  
    <!-- CAS入口点 结束 -->

    
    <!-- 认证过滤器 开始 -->
    <beans:bean id="casAuthenticationFilter" class="org.springframework.security.cas.web.CasAuthenticationFilter">  
        <beans:property name="authenticationManager" ref="authenticationManager"/>  
    </beans:bean>  
		<!-- 认证管理器 -->
	<authentication-manager alias="authenticationManager">
		<authentication-provider  ref="casAuthenticationProvider">
		</authentication-provider>
	</authentication-manager>
		<!-- 认证提供者 -->
	<beans:bean id="casAuthenticationProvider"     class="org.springframework.security.cas.authentication.CasAuthenticationProvider">  
        <beans:property name="authenticationUserDetailsService">  
            <beans:bean class="org.springframework.security.core.userdetails.UserDetailsByNameServiceWrapper">  
                <beans:constructor-arg ref="userDetailsService" />  
            </beans:bean>  
        </beans:property>  
        <beans:property name="serviceProperties" ref="serviceProperties"/>  
        <!-- ticketValidator 为票据验证器 -->
        <beans:property name="ticketValidator">  
            <beans:bean class="org.jasig.cas.client.validation.Cas20ServiceTicketValidator">  
                <beans:constructor-arg index="0" value="${cas_url}"/>
            </beans:bean>  
        </beans:property>  
        <beans:property name="key" value="an_id_for_this_auth_provider_only"/> 
    </beans:bean>        
   		 <!-- 认证类 -->
	<beans:bean id="userDetailsService" class="com.qingcheng.service.UserDetailServiceImpl"/>
	
	<!-- 认证过滤器 结束 -->

	<!-- 单点登出  开始  -->     
    <beans:bean id="singleLogoutFilter" class="org.jasig.cas.client.session.SingleSignOutFilter"/>          
    <beans:bean id="requestSingleLogoutFilter" class="org.springframework.security.web.authentication.logout.LogoutFilter">  
        <beans:constructor-arg value="${cas_url}/logout"/>
        <beans:constructor-arg>  
            <beans:bean class="org.springframework.security.web.authentication.logout.SecurityContextLogoutHandler"/>  
        </beans:constructor-arg>  
        <beans:property name="filterProcessesUrl" value="/logout/cas"/>  
    </beans:bean>  
    <!-- 单点登出  结束 -->  
	
</beans:beans>