<?xml version="1.0" encoding="UTF-8"?> 
<beans xmlns="http://www.springframework.org/schema/beans"
       xmlns:cache="http://www.springframework.org/schema/cache"
       xmlns:xsi="http://www.w3.org/2001/XMLSchema-instance" xmlns:p="http://www.springframework.org/schema/p"
  xsi:schemaLocation="http://www.springframework.org/schema/beans http://www.springframework.org/schema/beans/spring-beans.xsd
        http://www.springframework.org/schema/cache http://www.springframework.org/schema/beans/spring-cache.xsd">

   <!-- redis 相关配置 --> 
   <bean id="poolConfig" class="redis.clients.jedis.JedisPoolConfig">  
     <property name="maxIdle" value="${redis.maxIdle}" />   
     <property name="maxWaitMillis" value="${redis.maxWait}" />  
   </bean>  
  
   <bean id="jedisConnectionFactory" class="org.springframework.data.redis.connection.jedis.JedisConnectionFactory"
       p:host-name="${redis.host}" p:port="${redis.port}" p:password="${redis.pass}" p:pool-config-ref="poolConfig"/>  
   
   <bean id="redisTemplate" class="org.springframework.data.redis.core.RedisTemplate">  
    	<property name="connectionFactory" ref="jedisConnectionFactory" />
   </bean>


</beans>  